90mmCannons, btn-upgrade-terran-vehicleweaponslevel0
AberrationACGluescreenDummy, btn-unit-zerg-aberration
AccelerationZoneFlyingLarge, wireframe-general-xelnagainhibitor-flying
AccelerationZoneFlyingMedium, wireframe-general-xelnagainhibitor-flying
AccelerationZoneFlyingSmall, wireframe-general-xelnagainhibitor-flying
AccelerationZoneLarge, wireframe-neutral-xelnagainhibitor
AccelerationZoneMedium, wireframe-neutral-xelnagainhibitor
AccelerationZoneSmall, wireframe-neutral-xelnagainhibitor
AcidSaliva, btn-upgrade-zerg-missileattacks-level0
AcidSpew, btn-upgrade-zerg-missileattacks-level0
AcidSpines, btn-upgrade-zerg-missileattacks-level0
AcquireMove, btn-command-attack
Adept, btn-unit-protoss-adept
Adept, btn-upgrade-protoss-groundweaponslevel0
AdeptFenixACGluescreenDummy, btn-unit-protoss-adeptfenix-purifier
AdeptPhaseShift, btn-unit-protoss-adept
AdeptPiercingAttack, btn-ability-protoss-phasedisruptor
AdeptPiercingAttack, btn-upgrade-protoss-resonatingglaives
AdeptPiercingAttack, btn-upgrade-protoss-resonatingglaives-orange
AiurLightBridgeAbandonedNE10, btn-missing-kaeo
AiurLightBridgeAbandonedNE10Out, btn-missing-kaeo
AiurLightBridgeAbandonedNE12, btn-missing-kaeo
AiurLightBridgeAbandonedNE12Out, btn-missing-kaeo
AiurLightBridgeAbandonedNE8, btn-missing-kaeo
AiurLightBridgeAbandonedNE8Out, btn-missing-kaeo
AiurLightBridgeAbandonedNW10, btn-missing-kaeo
AiurLightBridgeAbandonedNW10Out, btn-missing-kaeo
AiurLightBridgeAbandonedNW12, btn-missing-kaeo
AiurLightBridgeAbandonedNW12Out, btn-missing-kaeo
AiurLightBridgeAbandonedNW8, btn-missing-kaeo
AiurLightBridgeAbandonedNW8Out, btn-missing-kaeo
AiurLightBridgeNE10, btn-missing-kaeo
AiurLightBridgeNE10Out, btn-missing-kaeo
AiurLightBridgeNE12, btn-missing-kaeo
AiurLightBridgeNE12Out, btn-missing-kaeo
AiurLightBridgeNE8, btn-missing-kaeo
AiurLightBridgeNE8Out, btn-missing-kaeo
AiurLightBridgeNW10, btn-missing-kaeo
AiurLightBridgeNW10Out, btn-missing-kaeo
AiurLightBridgeNW12, btn-missing-kaeo
AiurLightBridgeNW12Out, btn-missing-kaeo
AiurLightBridgeNW8, btn-missing-kaeo
AiurLightBridgeNW8Out, btn-missing-kaeo
AiurTempleBridgeDestructibleNE10Out, btn-missing-kaeo
AiurTempleBridgeDestructibleNE12Out, btn-missing-kaeo
AiurTempleBridgeDestructibleNE8Out, btn-missing-kaeo
AiurTempleBridgeDestructibleNW10Out, btn-missing-kaeo
AiurTempleBridgeDestructibleNW12Out, btn-missing-kaeo
AiurTempleBridgeDestructibleNW8Out, btn-missing-kaeo
AiurTempleBridgeDestructibleSE10Out, btn-missing-kaeo
AiurTempleBridgeDestructibleSE12Out, btn-missing-kaeo
AiurTempleBridgeDestructibleSE8Out, btn-missing-kaeo
AiurTempleBridgeDestructibleSW10Out, btn-missing-kaeo
AiurTempleBridgeDestructibleSW12Out, btn-missing-kaeo
AiurTempleBridgeDestructibleSW8Out, btn-missing-kaeo
AiurTempleBridgeNE10Out, btn-missing-kaeo
AiurTempleBridgeNE12Out, btn-missing-kaeo
AiurTempleBridgeNE8Out, btn-missing-kaeo
AiurTempleBridgeNW10Out, btn-missing-kaeo
AiurTempleBridgeNW12Out, btn-missing-kaeo
AiurTempleBridgeNW8Out, btn-missing-kaeo
AnabolicSynthesis, btn-upgrade-zerg-anabolicsynthesis
Anteplott, btn-critter-tastelope
ArbiterMP, btn-unit-protoss-arbiter
ArbiterMPWeapon, btn-upgrade-protoss-airweaponslevel0
ArchonACGluescreenDummy, btn-unit-protoss-archon
Archon, btn-unit-protoss-archon
Armory, btn-building-terran-armory
ArtilleryMengskACGluescreenDummy, btn-building-terran-artillerymengsk
Artosilope, btn-critter-artosilope
Assimilator, btn-building-protoss-assimilator
AssimilatorRich, btn-building-protoss-assimilator
ATALaserBattery, btn-upgrade-terran-shipweaponslevel0
ATSLaserBattery, btn-upgrade-terran-shipweaponslevel0
AutoTestAttacker, btn-missing-kaeo
AutoTestAttackerWeapon, btn-missing-kaeo
AutoTestAttackTargetAir, btn-missing-kaeo
AutoTestAttackTargetGround, btn-missing-kaeo
AutoTurret, btn-building-terran-autoturret
AutoTurret, btn-upgrade-terran-hisecautotracking
BacklashRockets, btn-upgrade-terran-shipweaponslevel0
BanelingACGluescreenDummy, btn-unit-zerg-baneling
Baneling, btn-unit-zerg-baneling
BanelingBurrowed, btn-unit-zerg-baneling
BanelingCocoon, wireframe-zerg-banelingegg
BanelingNest, btn-building-zerg-banelingnest
BansheeACGluescreenDummy, btn-unit-terran-banshee
Banshee, btn-unit-terran-banshee
BansheeCloak, btn-ability-terran-cloak-color
BansheeSpeed, btn-upgrade-terran-hyperflightrotors
BansheeSpeed, btn-upgrade-terran-reapernitropacks
Barracks, btn-building-terran-barracks
BarracksFlying, btn-building-terran-barracks
BarracksReactor, btn-building-terran-reactor
BarracksTechLab, btn-building-terran-techlab
BattlecruiserACGluescreenDummy, btn-unit-terran-battlecruiser
BattlecruiserBehemothReactor, btn-upgrade-terran-behemothreactor
Battlecruiser, btn-unit-terran-battlecruiser
BattlecruiserEnableSpecializations, btn-ability-terran-yamatogun-color
BattlecruiserMengskACGluescreenDummy, btn-unit-terran-battlecruisermengsk
BattleStationMineralField750, wireframe-general-mineralfield
BattleStationMineralField, wireframe-general-mineralfield
BeaconArmy, btn-missing-kaeo
BeaconAttack, btn-missing-kaeo
BeaconAuto, btn-missing-kaeo
BeaconClaim, btn-missing-kaeo
BeaconCustom1, btn-missing-kaeo
BeaconCustom2, btn-missing-kaeo
BeaconCustom3, btn-missing-kaeo
BeaconCustom4, btn-missing-kaeo
BeaconDefend, btn-missing-kaeo
BeaconDetect, btn-missing-kaeo
BeaconExpand, btn-missing-kaeo
BeaconHarass, btn-missing-kaeo
BeaconIdle, btn-missing-kaeo
Beacon_Nova, btn-missing-kaeo
Beacon_NovaSmall, btn-missing-kaeo
Beacon_Protoss, btn-missing-kaeo
Beacon_ProtossSmall, btn-missing-kaeo
BeaconRally, btn-missing-kaeo
BeaconScout, btn-missing-kaeo
Beacon_Terran, btn-missing-kaeo
Beacon_TerranSmall, btn-missing-kaeo
Beacon_Zerg, btn-missing-kaeo
Beacon_ZergSmall, btn-missing-kaeo
BileLauncherACGluescreenDummy, btn-building-zerg-sporecannon
BlackOpsMissileTurretACGluescreenDummy, btn-building-nova-missileturret
BlasterBillyACGluescreenDummy, btn-tips-flamingbetty
BlimpMengskACGluescreenDummy, btn-unit-terran-blimpmengsk
BlinkTech, btn-ability-protoss-blink-color
BraxisAlphaDestructible1x1, btn-missing-kaeo
BraxisAlphaDestructible2x2, btn-missing-kaeo
Broodling, btn-unit-zerg-symbiote
BroodlingEscort, btn-unit-zerg-symbiote
BroodlingStrike, btn-upgrade-zerg-airattacks-level0
BroodLordACGluescreenDummy, btn-unit-zerg-broodlord
BroodLord, btn-unit-zerg-broodlord
BroodLordCocoon, btn-unit-zerg-broodlord
BrutaliskACGluescreenDummy, btn-unit-zerg-brutalisk
BunkerACGluescreenDummy, btn-building-terran-bunker
Bunker, btn-building-terran-bunker
BunkerDepotMengskACGluescreenDummy, btn-building-terran-supplybunkermengsk
BunkerUpgradedACGluescreenDummy, btn-building-terran-bunkerfortified
BunkerUpgradedACGluescreenDummy, btn-building-terran-bunkershriketurret
Burrow, btn-ability-zerg-burrow-color
BypassArmorDrone, btn-unit-terran-targetingdrone
C10CanisterRifle, btn-upgrade-terran-infantryweaponslevel0
Cancel, btn-command-cancel
CancelLast, btn-command-cancel
CarrierACGluescreenDummy, btn-unit-protoss-carrier
CarrierAiurACGluescreenDummy, btn-unit-protoss-carrierhero
Carrier, btn-unit-protoss-carrier
CarrierFenixACGluescreenDummy, btn-unit-collection-purifier-carrier
CarrierLaunchSpeedUpgrade, btn-upgrade-protoss-gravitoncatapult
CarrionBird, wireframe-critter-carrionbird
CentrificalHooks, btn-upgrade-zerg-centrifugalhooks
Changeling, btn-unit-zerg-changeling
ChangelingMarine, btn-unit-terran-marine
ChangelingMarineShield, btn-unit-terran-marine
ChangelingZealot, btn-unit-protoss-zealot
ChangelingZergling, btn-unit-zerg-zergling
ChangelingZerglingWings, btn-unit-zerg-zergling
Charge, btn-ability-protoss-charge-color
ChitinousPlating, btn-upgrade-zerg-chitinousplating
Claws, btn-upgrade-zerg-meleeattacks-level0
CleaningBot, wireframe-critter-cleaningbot
CollapsiblePurifierTowerDebris, btn-missing-kaeo
CollapsiblePurifierTowerDiagonal, wireframe-general-collapsiblerocktower
CollapsiblePurifierTowerPushUnit, btn-missing-kaeo
CollapsibleRockTowerDebris, btn-missing-kaeo
CollapsibleRockTowerDebrisRampLeft, btn-missing-kaeo
CollapsibleRockTowerDebrisRampLeftGreen, btn-missing-kaeo
CollapsibleRockTowerDebrisRampRight, btn-missing-kaeo
CollapsibleRockTowerDebrisRampRightGreen, btn-missing-kaeo
CollapsibleRockTowerDiagonal, btn-missing-kaeo
CollapsibleRockTowerPushUnit, btn-missing-kaeo
CollapsibleRockTowerPushUnitRampLeft, btn-missing-kaeo
CollapsibleRockTowerPushUnitRampLeftGreen, btn-missing-kaeo
CollapsibleRockTowerPushUnitRampRight, btn-missing-kaeo
CollapsibleRockTowerPushUnitRampRightGreen, btn-missing-kaeo
CollapsibleRockTowerRampLeft, btn-missing-kaeo
CollapsibleRockTowerRampLeftGreen, btn-missing-kaeo
CollapsibleRockTowerRampRight, btn-missing-kaeo
CollapsibleRockTowerRampRightGreen, btn-missing-kaeo
CollapsibleRockTower, wireframe-general-collapsiblerocktower
CollapsibleTerranTowerDebris, btn-missing-kaeo
CollapsibleTerranTowerDiagonal, wireframe-terran-collapsibleterrantower
CollapsibleTerranTowerPushUnit, btn-missing-kaeo
CollapsibleTerranTowerPushUnitRampLeft, btn-missing-kaeo
CollapsibleTerranTowerPushUnitRampRight, btn-missing-kaeo
CollapsibleTerranTowerRampLeft, wireframe-terran-collapsibleterrantower
CollapsibleTerranTowerRampRight, wireframe-terran-collapsibleterrantower
CollapsibleTerranTower, wireframe-terran-collapsibleterrantower
ColossusACGluescreenDummy, btn-unit-protoss-colossus
Colossus, btn-unit-protoss-colossus
ColossusFenixACGluescreenDummy, btn-unit-collection-purifier-colossus
ColossusPurifierACGluescreenDummy, btn-unit-protoss-colossus-purifier
ColossusTaldarimACGluescreenDummy, btn-unit-protoss-alarak-taldarim-colossus
CommandCenter, btn-building-terran-commandcenter
CommandCenterFlying, btn-building-terran-commandcenter
CommentatorBot1, wireframe-critter-utilitybot
CommentatorBot2, wireframe-critter-utilitybot
CommentatorBot3, wireframe-critter-utilitybot
CommentatorBot4, wireframe-critter-utilitybot
CompoundMansion_DoorE, btn-missing-kaeo
CompoundMansion_DoorELowered, btn-missing-kaeo
CompoundMansion_DoorN, btn-missing-kaeo
CompoundMansion_DoorNE, btn-missing-kaeo
CompoundMansion_DoorNELowered, btn-missing-kaeo
CompoundMansion_DoorNLowered, btn-missing-kaeo
CompoundMansion_DoorNW, btn-missing-kaeo
CompoundMansion_DoorNWLowered, btn-missing-kaeo
CorruptorACGluescreenDummy, btn-unit-collection-webby-corruptor
CorruptorACGluescreenDummy, btn-unit-zerg-corruptor
Corruptor, btn-unit-zerg-corruptor
CorsairACGluescreenDummy, btn-unit-protoss-corsair
CorsairMP, btn-unit-protoss-corsair
CovertBansheeACGluescreenDummy, btn-unit-terran-bansheeblackops
Cow, wireframe-critter-cow
Crabeetle, btn-critter-crabeetle
CreepBlocker1x1, btn-missing-kaeo
CreepBlocker4x4, btn-missing-kaeo
CreeperHostACGluescreenDummy, btn-unit-collection-primal-swarmhost
CreepOnlyBlocker4x4, btn-missing-kaeo
CreepTumor, btn-building-zerg-creeptumor
CreepTumorBurrowed, btn-building-zerg-creeptumor
CreepTumorQueen, btn-building-zerg-creeptumor
CrucioShockCannon, btn-upgrade-terran-vehicleweaponslevel0
CyberneticsCore, btn-building-protoss-cyberneticscore
CycloneACGluescreenDummy, btn-unit-terran-cyclone
Cyclone, btn-unit-terran-cyclone
CycloneLockOnDamageUpgrade, btn-upgrade-terran-magfieldaccelerator
CycloneRapidFireLaunchers, btn-upgrade-raynor-ripwavemissiles
DarkArchonACGluescreenDummy, btn-unit-protoss-darkarchon
DarkPylonACGluescreenDummy, btn-upgrade-vorazun-summondarkpylon
DarkShrine, btn-building-protoss-darkshrine
DarkTemplarBlinkUpgrade, btn-ability-protoss-stealth-blink
DarkTemplar, btn-unit-protoss-darktemplar
DarkTemplarShakurasACGluescreenDummy, btn-unit-protoss-darktemplar
DarkTemplarShakurasACGluescreenDummy, btn-unit-protoss-darktemplar-nerazim
Debris2x2NonConjoined, btn-missing-kaeo
DebrisRampLeft, btn-missing-kaeo
DebrisRampRight, btn-missing-kaeo
DefilerMP, btn-tips-defierbones
DefilerMP, btn-unit-zerg-defilerex3
DefilerMPBurrowed, btn-tips-defierbones
DefilerMPBurrowed, btn-unit-zerg-defilerex3
DesertPlanetSearchlight, btn-missing-kaeo
DesertPlanetStreetlight, btn-missing-kaeo
DestructibleBillboardScrollingText, btn-missing-kaeo
DestructibleBillboardTall, btn-missing-kaeo
DestructibleBullhornLights, btn-missing-kaeo
DestructibleCityDebris2x4Horizontal, btn-missing-kaeo
DestructibleCityDebris2x4Vertical, btn-missing-kaeo
DestructibleCityDebris2x6Horizontal, btn-missing-kaeo
DestructibleCityDebris2x6Vertical, btn-missing-kaeo
DestructibleCityDebris4x4, btn-missing-kaeo
DestructibleCityDebris6x6, btn-missing-kaeo
DestructibleCityDebrisHugeDiagonalBLUR, btn-missing-kaeo
DestructibleCityDebrisHugeDiagonalULBR, btn-missing-kaeo
DestructibleDebris4x4, btn-missing-kaeo
DestructibleDebris6x6, btn-missing-kaeo
DestructibleDebrisRampDiagonalHugeBLUR, btn-missing-kaeo
DestructibleDebrisRampDiagonalHugeULBR, btn-missing-kaeo
DestructibleExpeditionGate6x6, btn-missing-kaeo
DestructibleGarageLarge, wireframe-terran-garage
DestructibleGarage, wireframe-terran-garage
DestructibleIce2x4Horizontal, btn-missing-kaeo
DestructibleIce2x4Vertical, btn-missing-kaeo
DestructibleIce2x6Horizontal, btn-missing-kaeo
DestructibleIce2x6Vertical, btn-missing-kaeo
DestructibleIce4x4, btn-missing-kaeo
DestructibleIce6x6, btn-missing-kaeo
DestructibleIceDiagonalHugeBLUR, btn-missing-kaeo
DestructibleIceDiagonalHugeULBR, btn-missing-kaeo
DestructibleIceHorizontalHuge, btn-missing-kaeo
DestructibleIceVerticalHuge, btn-missing-kaeo
DestructibleRampDiagonalHugeBLUR, btn-missing-kaeo
DestructibleRampDiagonalHugeULBR, btn-missing-kaeo
DestructibleRampHorizontalHuge, btn-missing-kaeo
DestructibleRampVerticalHuge, btn-missing-kaeo
DestructibleRock2x4Horizontal, btn-missing-kaeo
DestructibleRock2x4Vertical, btn-missing-kaeo
DestructibleRock2x6Horizontal, btn-missing-kaeo
DestructibleRock2x6Vertical, btn-missing-kaeo
DestructibleRock4x4, btn-missing-kaeo
DestructibleRock6x6, btn-missing-kaeo
DestructibleRock6x6Weak, btn-missing-kaeo
DestructibleRockEx12x4Horizontal, btn-missing-kaeo
DestructibleRockEx12x4Vertical, btn-missing-kaeo
DestructibleRockEx12x6Horizontal, btn-missing-kaeo
DestructibleRockEx12x6Vertical, btn-missing-kaeo
DestructibleRockEx14x4, btn-missing-kaeo
DestructibleRockEx16x6, btn-missing-kaeo
DestructibleRockEx1DiagonalHugeBLUR, btn-missing-kaeo
DestructibleRockEx1DiagonalHugeULBR, btn-missing-kaeo
DestructibleRockEx1HorizontalHuge, btn-missing-kaeo
DestructibleRockEx1VerticalHuge, btn-missing-kaeo
DestructibleSearchlight, btn-missing-kaeo
DestructibleSignsConstruction, btn-missing-kaeo
DestructibleSignsDirectional, btn-missing-kaeo
DestructibleSignsFunny, btn-missing-kaeo
DestructibleSignsIcons, btn-missing-kaeo
DestructibleSignsWarning, btn-missing-kaeo
DestructibleSpacePlatformBarrier, btn-missing-kaeo
DestructibleSpacePlatformSign, btn-missing-kaeo
DestructibleStoreFrontCityProps, btn-missing-kaeo
DestructibleStreetlight, btn-missing-kaeo
DestructibleTrafficSignal, btn-missing-kaeo
DestructibleZergInfestation3x3, btn-missing-kaeo
DevastationTurretACGluescreenDummy, btn-building-terran-autoturret
DevastationTurretACGluescreenDummy, btn-tips-flamingbetty
DevourerACGluescreenDummy, btn-unit-zerg-devourerex3
DevourerCocoonMP, wireframe-zerg-broodlordegg
DevourerMP, btn-missing-kaeo
DevourerMPWeapon, btn-upgrade-zerg-airattacks-level0
DigesterCreepSprayTargetUnit, btn-missing-kaeo
DigesterCreepSprayUnit, btn-missing-kaeo
DiggingClaws, btn-upgrade-zerg-adaptivetalons
DisruptionBeam, btn-upgrade-protoss-groundweaponslevel0
DisruptorACGluescreenDummy, btn-unit-protoss-disruptorfenix-purifier
Disruptor, btn-unit-protoss-disruptor
DisruptorPhased, btn-unit-protoss-disruptor
Dog, wireframe-critter-dog
DragoonACGluescreenDummy, btn-unit-protoss-dragoon-void
DrillClaws, btn-upgrade-terran-researchdrillingclaws
Drone, btn-unit-zerg-drone
DroneBurrowed, btn-unit-zerg-drone
DurableMaterials, btn-upgrade-terran-durablematerials
Egg, btn-unit-zerg-egg
EliteMarineACGluescreenDummy, btn-unit-terran-marineblackops
Elsecaro_Colonist_Hut, btn-missing-kaeo
EnemyPathingBlocker16x16, btn-missing-kaeo
EnemyPathingBlocker1x1, btn-missing-kaeo
EnemyPathingBlocker2x2, btn-missing-kaeo
EnemyPathingBlocker4x4, btn-missing-kaeo
EnemyPathingBlocker8x8, btn-missing-kaeo
EngineeringBay, btn-building-terran-engineeringbay
EnhancedShockwaves, btn-ability-terran-electricfield
EvolutionChamber, btn-building-zerg-evolutionchamber
EvolveGroovedSpines, btn-upgrade-zerg-hotsgroovedspines
EvolveMuscularAugments, btn-upgrade-zerg-evolvemuscularaugments
Execute, 
Execute, btn-ability-kerrigan-improvedoverlords
Execute, btn-ability-neutral-ursadonleap
Execute, btn-ability-protoss-blink-color
Execute, btn-ability-protoss-charge-color
Execute, btn-ability-protoss-disruptionweb
Execute, btn-ability-protoss-envision
Execute, btn-ability-protoss-feedback-color
Execute, btn-ability-protoss-forcefield-color
Execute, btn-ability-protoss-gravitonbeam-color
Execute, btn-ability-protoss-invulnerabilityshield
Execute, btn-ability-protoss-massrecall
Execute, btn-ability-protoss-preordain
Execute, btn-ability-protoss-protoncharge-color
Execute, btn-ability-protoss-psionictransfer
Execute, btn-ability-protoss-psistorm-color
Execute, btn-ability-protoss-purificationnova
Execute, btn-ability-protoss-purify
Execute, btn-ability-protoss-shieldbattery-color
Execute, btn-ability-protoss-stealth-blink
Execute, btn-ability-protoss-timewarp
Execute, btn-ability-protoss-timewarp-red
Execute, btn-ability-protoss-voidrayprismaticalignment
Execute, btn-ability-protoss-wormholetransit-color
Execute, btn-ability-terran-activatemine
Execute, btn-ability-terran-calldownextrasupplies-color
Execute, btn-ability-terran-d8charge
Execute, btn-ability-terran-deactivatemine
Execute, btn-ability-terran-emp-color
Execute, btn-ability-terran-haywiremissile
Execute, btn-ability-terran-heal-color
Execute, btn-ability-terran-holdfire
Execute, btn-ability-terran-huntermissile-color
Execute, btn-ability-terran-land
Execute, btn-ability-terran-liberator-aamode
Execute, btn-ability-terran-liberator-agmode
Execute, btn-ability-terran-liftoff
Execute, btn-ability-terran-lockon
Execute, btn-ability-terran-nuclearstrike-color
Execute, btn-ability-terran-repair
Execute, btn-ability-terran-scannersweep-color
Execute, btn-ability-terran-shreddermissile-color
Execute, btn-ability-terran-snipe-color
Execute, btn-ability-terran-stimpack-color
Execute, btn-ability-terran-unloadall
Execute, btn-ability-terran-warpjump
Execute, btn-ability-terran-weaponsfree
Execute, btn-ability-terran-yamatogun-color
Execute, btn-ability-zeratul-observer-sensorarray
Execute, btn-ability-zerg-abduct
Execute, btn-ability-zerg-blindingcloud
Execute, btn-ability-zerg-burrow-color
Execute, btn-ability-zerg-causticspray
Execute, btn-ability-zerg-consume
Execute, btn-ability-zerg-contaminate-color
Execute, btn-ability-zerg-corrosivebile
Execute, btn-ability-zerg-corruption-color
Execute, btn-ability-zerg-darkswarm
Execute, btn-ability-zerg-defilerplague
Execute, btn-ability-zerg-explode-color
Execute, btn-ability-zerg-fungalgrowth-color
Execute, btn-ability-zerg-generatecreep-color
Execute, btn-ability-zerg-infestationsource
Execute, btn-ability-zerg-neuralparasite-color
Execute, btn-ability-zerg-overlord-oversight
Execute, btn-ability-zerg-overlord-oversight-off
Execute, btn-ability-zerg-parasiticbomb
Execute, btn-ability-zerg-root-color
Execute, btn-ability-zerg-sporecloud
Execute, btn-ability-zerg-swarmseeds-color
Execute, btn-ability-zerg-transfusion-color
Execute, btn-ability-zerg-upburrow-color
Execute, btn-ability-zerg-uproot-color
Execute, btn-building-protoss-gateway
Execute, btn-building-protoss-warpgate
Execute, btn-building-terran-autoturret
Execute, btn-building-terran-commandcenter
Execute, btn-building-terran-planetaryfortress
Execute, btn-building-terran-supplydepot
Execute, btn-building-terran-supplydepotlowered
Execute, btn-building-terran-surveillancestation
Execute, btn-building-zerg-greaterspire
Execute, btn-building-zerg-hive
Execute, btn-building-zerg-lair
Execute, btn-building-zerg-lurkerden
Execute, btn-command-attack
Execute, btn-command-cancel
Execute, btn-command-move
Execute, btn-command-spray
Execute, btn-command-stop
Execute, btn-missing-kaeo
Execute, btn-techupgrade-terran-immortalityprotocol
Execute, btn-unit-protoss-adept
Execute, btn-unit-protoss-archon
Execute, btn-unit-protoss-colossus
Execute, btn-unit-protoss-disruptor
Execute, btn-unit-protoss-hightemplar
Execute, btn-unit-protoss-immortal
Execute, btn-unit-protoss-mothership
Execute, btn-unit-protoss-observer
Execute, btn-unit-protoss-observer-surveillance
Execute, btn-unit-protoss-oracle
Execute, btn-unit-protoss-phoenix
Execute, btn-unit-protoss-probe
Execute, btn-unit-protoss-replicant
Execute, btn-unit-protoss-stalker
Execute, btn-unit-protoss-warpprism
Execute, btn-unit-protoss-warpprismstationary
Execute, btn-unit-protoss-warpray
Execute, btn-unit-protoss-zealot
Execute, btn-unit-terran-hellion
Execute, btn-unit-terran-hellionbattlemode
Execute, btn-unit-terran-mule
Execute, btn-unit-terran-siegetank
Execute, btn-unit-terran-siegetanksiegemode
Execute, btn-unit-terran-targetingdrone
Execute, btn-unit-terran-thor
Execute, btn-unit-terran-thorsiegemode
Execute, btn-unit-terran-vikingassault
Execute, btn-unit-terran-vikingfighter
Execute, btn-unit-zerg-broodlord
Execute, btn-unit-zerg-changeling
Execute, btn-unit-zerg-infestedmarine
Execute, btn-unit-zerg-larva
Execute, btn-unit-zerg-locust
Execute, btn-unit-zerg-lurker
Execute, btn-unit-zerg-overlordtransport
Execute, btn-unit-zerg-overseer
Execute, btn-unit-zerg-ravager
Execute, btn-upgrade-terran-interferencematrix
Execute, btn-upgrade-terran-kd8chargeex3
Execute, btn-upgrade-terran-medivacemergencythrusters
ExtendedThermalLance, btn-upgrade-protoss-extendedthermallance
ExtendingBridgeNEWide10, btn-missing-kaeo
ExtendingBridgeNEWide10Out, btn-missing-kaeo
ExtendingBridgeNEWide12, btn-missing-kaeo
ExtendingBridgeNEWide12Out, btn-missing-kaeo
ExtendingBridgeNEWide8, btn-missing-kaeo
ExtendingBridgeNEWide8Out, btn-missing-kaeo
ExtendingBridgeNWWide10, btn-missing-kaeo
ExtendingBridgeNWWide10Out, btn-missing-kaeo
ExtendingBridgeNWWide12, btn-missing-kaeo
ExtendingBridgeNWWide12Out, btn-missing-kaeo
ExtendingBridgeNWWide8, btn-missing-kaeo
ExtendingBridgeNWWide8Out, btn-missing-kaeo
Extractor, btn-building-zerg-extractor
ExtractorRich, btn-building-zerg-extractor
Factory, btn-building-terran-factory
FactoryFlying, btn-building-terran-factory
FactoryReactor, btn-building-terran-reactor
FactoryTechLab, btn-building-terran-techlab
FirebatACGluescreenDummy, btn-unit-terran-firebat
FireRoachACGluescreenDummy, btn-unit-collection-primal-roachupgrade
FlamingBettyACGluescreenDummy, btn-unit-terran-perditionturret
FleetBeacon, btn-building-protoss-fleetbeacon
FlyingLocusts, btn-unit-zerg-locustflyer
FlyoverUnit, btn-missing-kaeo
ForceField, btn-ability-terran-scannersweep
Forge, btn-building-protoss-forge
FusionCore, btn-building-terran-fusioncore
FusionCutter, btn-upgrade-terran-infantryweaponslevel0
Gateway, btn-building-protoss-gateway
Gather, btn-ability-protoss-gather
Gather, btn-ability-terran-gather
Gather, btn-ability-zerg-gather
GhostAcademy, btn-building-terran-ghostacademy
GhostAlternate, btn-unit-terran-ghost
Ghost, btn-unit-terran-ghost
GhostMengskACGluescreenDummy, btn-unit-terran-ghostmengsk
GhostMoebiusReactor, btn-upgrade-terran-moebiusreactor
GhostNova, btn-unit-terran-ghost
GlaiveWurm, btn-upgrade-zerg-airattacks-level0
GlialReconstitution, btn-upgrade-zerg-glialreconstitution
GlobeStatue, wireframe-general-globestatue
GoliathACGluescreenDummy, btn-unit-terran-goliath
GraviticDrive, btn-upgrade-protoss-graviticdrive
GreaterSpire, btn-building-zerg-greaterspire
GuardianACGluescreenDummy, btn-unit-zerg-primalguardian
GuardianCocoonMP, wireframe-zerg-broodlordegg
GuardianMP, btn-unit-zerg-primalguardian
GuardianMPWeapon, btn-upgrade-zerg-airattacks-level0
GuardianMPWeapon, btn-upgrade-zerg-missileattacks-level0
GuassRifle, btn-upgrade-terran-infantryweaponslevel0
Halt, btn-command-stop
Hatchery, btn-building-zerg-hatchery
HeavySiegeTankACGluescreenDummy, btn-unit-terran-siegetankblackops-tank
HellbatACGluescreenDummy, btn-unit-terran-hellionbattlemode
HellbatRangerACGluescreenDummy, btn-unit-terran-hellbatblackops
Hellion, btn-unit-terran-hellion
HellionTank, btn-unit-terran-hellionbattlemode
HellionTank, btn-upgrade-terran-vehicleweaponslevel0
HERC, btn-unit-terran-herc
HERCPlacement, btn-missing-kaeo
HerculesACGluescreenDummy, btn-unit-terran-hercules
HERCWeapon, btn-upgrade-terran-infantryweaponslevel0
HHBattlecruiserACGluescreenDummy, btn-unit-collection-battlecruiser-junker
HHBomberPlatformACGluescreenDummy, btn-building-hornerhan-bomberplatform
HHHellionTankACGluescreenDummy, btn-unit-terran-helliontank-junker
HHMercStarportACGluescreenDummy, btn-building-hornerhan-assaultgalleon
HHMissileTurretACGluescreenDummy, btn-building-hornerhan-missileturret
HHRavenACGluescreenDummy, btn-unit-collection-raven-covertops
HHReaperACGluescreenDummy, btn-unit-collection-reaper-junker
HHVikingACGluescreenDummy, btn-unit-collection-vikingfighter-junker
HHWidowMineACGluescreenDummy, btn-unit-collection-widowmine-junker
HHWraithACGluescreenDummy, btn-unit-collection-wraith-junker
HighCapacityBarrels, btn-upgrade-terran-infernalpreigniter
HighTemplarACGluescreenDummy, btn-unit-protoss-hightemplar
HighTemplarACGluescreenDummy, btn-unit-protoss-hightemplarnocord
HighTemplar, btn-unit-protoss-hightemplar
HighTemplarSkinPreview, btn-unit-protoss-hightemplar
HighTemplarTaldarimACGluescreenDummy, btn-unit-protoss-alarak-taldarim-hightemplar
HighTemplarWeapon, btn-upgrade-protoss-groundweaponslevel0
HiSecAutoTracking, btn-upgrade-terran-hisecautotracking
Hive, btn-building-zerg-hive
HoldPos, btn-command-holdposition
HydraliskACGluescreenDummy, btn-unit-zerg-hydralisk
Hydralisk, btn-unit-zerg-hydralisk
HydraliskBurrowed, btn-unit-zerg-hydralisk
HydraliskDen, btn-building-zerg-hydraliskden
HydraliskLurkerACGluescreenDummy, btn-unit-zerg-hydralisk-lurker
hydraliskspeed, btn-upgrade-zerg-groovedspines
HydraliskSpeedUpgrade, btn-upgrade-zerg-evolvemuscularaugments
Ice2x2NonConjoined, btn-missing-kaeo
IceProtossCrates, btn-missing-kaeo
ImmortalACGluescreenDummy, btn-unit-protoss-immortal
Immortal, btn-unit-protoss-immortal
ImmortalFenixACGluescreenDummy, btn-unit-collection-purifier-immortal
ImmortalKaraxACGluescreenDummy, btn-unit-protoss-immortal
ImmortalTaldarimACGluescreenDummy, btn-unit-protoss-alarak-taldarim-immortal
ImpalerTentacle, btn-upgrade-zerg-seismicspines
InfernalFlameThrower, btn-upgrade-terran-vehicleweaponslevel0
InfestationPit, btn-building-zerg-infestationpit
InfestedAcidSpines, btn-upgrade-zerg-missileattacks-level0
InfestedGuassRifle, btn-upgrade-zerg-missileattacks-level0
InfestedTerransEgg, btn-unit-zerg-infestedmarineegg
Infestor, btn-unit-zerg-infestor
InfestorBurrowed, btn-unit-zerg-infestor
InfestorEnergyUpgrade, btn-upgrade-zerg-pathogenglands
InfestorTerran, btn-unit-zerg-infestedmarine
InfestorTerranBurrowed, btn-unit-zerg-infestedmarine
InhibitorZoneFlyingLarge, wireframe-general-xelnagainhibitor-flying
InhibitorZoneFlyingMedium, wireframe-general-xelnagainhibitor-flying
InhibitorZoneFlyingSmall, wireframe-general-xelnagainhibitor-flying
InhibitorZoneLarge, wireframe-general-xelnagainhibitor
InhibitorZoneLarge, wireframe-neutral-xelnagainhibitor
InhibitorZoneMedium, wireframe-general-xelnagainhibitor
InhibitorZoneMedium, wireframe-neutral-xelnagainhibitor
InhibitorZoneSmall, wireframe-general-xelnagainhibitor
InhibitorZoneSmall, wireframe-neutral-xelnagainhibitor
InterceptorBeam, btn-upgrade-protoss-airweaponslevel0
Interceptor, btn-unit-protoss-interceptor
InvisibleTargetDummy, btn-missing-kaeo
IonCannons, btn-upgrade-protoss-airweaponslevel0
JavelinMissileLaunchers, btn-upgrade-terran-vehicleweaponslevel0
KaiserBlades, btn-upgrade-zerg-meleeattacks-level0
KarakFemale, wireframe-critter-karakfemale
KarakMale, wireframe-critter-karakmale
KD8Charge, btn-ability-terran-d8charge
KhaydarinMonolithACGluescreenDummy, btn-building-protoss-khaydarinmonolithaiur
KhaydarinMonolithACGluescreenDummy, btn-unit-protoss-khaydarinmonolith
LabBot, btn-critter-labbot
LabMineralField750, wireframe-general-mineralfield
LabMineralField, wireframe-general-mineralfield
Lair, btn-building-zerg-lair
LanceMissileLaunchers, btn-upgrade-terran-vehicleweaponslevel0
LanzerTorpedoes, btn-upgrade-terran-shipweaponslevel0
Larva, btn-unit-zerg-larva
LarvaReleaseMissile, btn-missing-kaeo
LeviathanACGluescreenDummy, btn-unit-zerg-leviathan
LiberatorAG, btn-ability-terran-liberator-agmode
LiberatorAGRangeUpgrade, btn-ability-terran-haleoflead
LiberatorAGRangeUpgrade, btn-upgrade-terran-advanceballistics
LiberatorAGWeapon, btn-upgrade-terran-shipweaponslevel0
Liberator, btn-unit-terran-liberator
LiberatorMissileLaunchers, btn-upgrade-terran-shipweaponslevel0
LiberatorSkinPreview, btn-unit-terran-liberator
LoadAll, btn-ability-terran-load
Load, btn-ability-terran-load
LocustLifetimeIncrease, btn-upgrade-zerg-evolveincreasedlocustlifetime
LocustMP, btn-unit-zerg-locust
LocustMP, btn-upgrade-zerg-missileattacks-level0
LocustMPFlying, btn-unit-zerg-locustflyer
LocustMPPrecursor, btn-missing-kaeo
LongboltMissile, btn-upgrade-terran-hisecautotracking
LurkerACGluescreenDummy, btn-unit-zerg-lurker
LurkerDenMP, btn-building-zerg-lurkerden
LurkerMP, btn-unit-zerg-lurker
LurkerMP, btn-upgrade-zerg-missileattacks-level0
LurkerMPBurrowed, btn-unit-zerg-lurker
LurkerMPEgg, btn-unit-zerg-egg
LurkerMPEgg, btn-unit-zerg-lurker
LurkerRange, btn-upgrade-kerrigan-seismicspines
Lyote, wireframe-critter-lyotemale
MarauderACGluescreenDummy, btn-unit-terran-marauder
Marauder, btn-unit-terran-marauder
MarauderCommandoACGluescreenDummy, btn-unit-terran-marauderblackops
MarauderMengskACGluescreenDummy, btn-unit-terran-maraudermengsk
MarineACGluescreenDummy, btn-unit-terran-marine
Marine, btn-unit-terran-marine
MechaBanelingACGluescreenDummy, btn-unit-zerg-baneling-mecha
MechaBattlecarrierLordACGluescreenDummy, btn-unit-zerg-broodlord-mecha
MechaCorruptorACGluescreenDummy, btn-unit-zerg-corruptor-mecha
MechaHydraliskACGluescreenDummy, btn-unit-collection-hydralisk-mecha
MechaInfestorACGluescreenDummy, btn-unit-zerg-infestor-mecha
MechaLurkerACGluescreenDummy, btn-unit-zerg-lurker-mecha
MechaOverseerACGluescreenDummy, btn-unit-zerg-overseer-mecha
MechaSpineCrawlerACGluescreenDummy, btn-building-zerg-spinecrawler-mecha
MechaSporeCrawlerACGluescreenDummy, btn-building-zerg-sporecrawler-mecha
MechaUltraliskACGluescreenDummy, btn-unit-zerg-ultralisk-mecha
MechaZerglingACGluescreenDummy, btn-unit-collection-zergling-mecha
MedicACGluescreenDummy, btn-unit-terran-medic
Medivac, btn-unit-terran-medivac
MedivacCaduceusReactor, btn-upgrade-terran-caduceusreactor
MedivacIncreaseSpeedBoost, btn-upgrade-terran-highcapacityfueltanks
MedivacIncreaseSpeedBoost, btn-upgrade-terran-jotunboosters
MedivacMengskACGluescreenDummy, btn-unit-terran-medivacmengsk
MengskStatueAlone, wireframe-destructible-mengskstatuealone
MengskStatue, wireframe-destructible-mengskstatue
MineralField450, wireframe-general-mineralfield
MineralField750, wireframe-general-mineralfield
MineralFieldOpaque900, wireframe-general-mineralfield
MineralFieldOpaque, wireframe-general-mineralfield
MineralField, wireframe-general-mineralfield
MissileTurretACGluescreenDummy, btn-building-terran-missileturret
MissileTurret, btn-building-terran-missileturret
MissileTurretMengskACGluescreenDummy, btn-building-terran-missileturretmengsk
Moopy, btn-missing-kaeo
MoopyStick, btn-upgrade-protoss-groundweaponslevel0
MothershipBeam, btn-upgrade-protoss-airweaponslevel0
Mothership, btn-unit-protoss-mothership
MothershipCore, btn-unit-protoss-mothershipcore
Move, btn-command-move
MULE, btn-unit-terran-mule
MultiKillObject, btn-missing-kaeo
MutaliskACGluescreenDummy, btn-unit-zerg-mutalisk
MutaliskBroodlordACGluescreenDummy, btn-unit-zerg-mutalisk-broodlord
Mutalisk, btn-unit-zerg-mutalisk
NeedleClaws, btn-upgrade-zerg-meleeattacks-level0
NeedleSpines, btn-upgrade-zerg-missileattacks-level0
NeosteelFrame, btn-upgrade-terran-neosteelframe
NeuralParasite, btn-ability-zerg-neuralparasite-color
NeutronFlare, btn-upgrade-protoss-airweaponslevel0
Nexus, btn-building-protoss-nexus
Nuke, btn-ability-terran-armnuke
NydusCanalAttacker, btn-unit-zerg-nydusdestroyer
NydusCanalAttackerWeapon, btn-upgrade-zerg-missileattacks-level0
NydusCanal, btn-building-zerg-nydusworm
NydusCanalCreeper, btn-unit-zerg-nyduscreeptower
NydusNetworkACGluescreenDummy, btn-building-zerg-nydusnetwork
NydusNetwork, btn-building-zerg-nydusnetwork
ObserverACGluescreenDummy, btn-unit-protoss-observer
Observer, btn-unit-protoss-observer
ObserverFenixACGluescreenDummy, btn-unit-collection-purifier-observer
ObserverGraviticBooster, btn-upgrade-protoss-graviticbooster
ObserverSiegeMode, btn-unit-protoss-observer
Off, btn-ability-protoss-oraclepulsarcannonoff
Off, btn-ability-terran-decloak-color
Off, btn-ability-zerg-explode-color
Off, btn-ability-zerg-generatecreepstop-color
Off, btn-command-cancel
OmegaNetworkACGluescreenDummy, btn-building-zerg-nydusnetwork
On, btn-ability-protoss-oraclepulsarcannonon
On, btn-ability-terran-cloak-color
On, btn-ability-terran-salvage
On, btn-ability-zerg-attackstructure-color
On, btn-ability-zerg-generatecreep-color
On, btn-ability-zerg-generatecreepstop-color
OracleACGluescreenDummy, btn-unit-protoss-oracle
Oracle, btn-ability-protoss-oraclepulsarcannonon
Oracle, btn-unit-protoss-oracle
Oracle, btn-upgrade-protoss-airweaponslevel0
OracleDisplayDummy, btn-ability-protoss-oraclepulsarcannonon
OracleStasisTrap, btn-ability-protoss-oracle-stasisward
OrbitalCommandACGluescreenDummy, btn-building-terran-surveillancestation
OrbitalCommand, btn-building-terran-surveillancestation
OrbitalCommandFlying, btn-building-terran-surveillancestation
Overlord, btn-unit-zerg-overlord
OverlordCocoon, btn-unit-zerg-overseer
overlordspeed, btn-upgrade-zerg-pneumatizedcarapace
OverlordTransport, btn-ability-kerrigan-improvedoverlords
OverlordTransport, btn-unit-zerg-overlordtransport
overlordtransport, btn-upgrade-zerg-ventralsacs
OverseerACGluescreenDummy, btn-unit-zerg-overseer
Overseer, btn-unit-zerg-overseer
OverseerSiegeMode, btn-unit-zerg-overseer
OverseerZagaraACGluescreenDummy, btn-unit-collection-webby-overseer
P38ScytheGuassPistol, btn-upgrade-terran-infantryweaponslevel0
ParasiteSpore, btn-upgrade-zerg-airattacks-level0
ParasiticBombDummy, btn-missing-kaeo
ParasiticBombRelayDummy, btn-missing-kaeo
ParticleBeam, btn-upgrade-protoss-groundweaponslevel0
ParticleDisruptors, btn-upgrade-protoss-groundweaponslevel0
PathingBlocker1x1, btn-missing-kaeo
PathingBlocker2x2, btn-missing-kaeo
PathingBlockerRadius1, btn-missing-kaeo
Patrol, btn-command-patrol
PerditionTurretACGluescreenDummy, btn-unit-terran-perditionturret
PermanentCreepBlocker1x1, btn-missing-kaeo
PersonalCloaking, btn-ability-terran-cloak-color
PhaseDisruptors, btn-upgrade-protoss-groundweaponslevel0
PhoenixAiurACGluescreenDummy, btn-unit-protoss-phoenix
Phoenix, btn-unit-protoss-phoenix
PhoenixPurifierACGluescreenDummy, btn-unit-protoss-phoenix-purifier
PhoenixRangeUpgrade, btn-upgrade-protoss-phoenixrange
PhotonCannonACGluescreenDummy, btn-building-protoss-photoncannon
PhotonCannon, btn-building-protoss-photoncannon
PhotonCannonFenixACGluescreenDummy, btn-unit-protoss-fenix-purifier-photoncannon
PhotonCannonTaldarimACGluescreenDummy, btn-unit-protoss-alarak-taldarim-photoncannon
PhysicsCapsule, btn-missing-kaeo
PhysicsCube, btn-missing-kaeo
PhysicsCylinder, btn-missing-kaeo
PhysicsKnot, btn-missing-kaeo
PhysicsL, btn-missing-kaeo
PhysicsPrimitives, btn-missing-kaeo
PhysicsSphere, btn-missing-kaeo
PhysicsStar, btn-missing-kaeo
PickupPalletGas, btn-missing-kaeo
PickupPalletMinerals, btn-missing-kaeo
PickupScrapSalvage1x1, btn-missing-kaeo
PickupScrapSalvage2x2, btn-missing-kaeo
PickupScrapSalvage3x3, btn-missing-kaeo
PlanetaryFortress, btn-building-terran-planetaryfortress
PointDefenseDrone, btn-unit-terran-targetingdrone
PortCity_Bridge_UnitE10, btn-missing-kaeo
PortCity_Bridge_UnitE10Out, btn-missing-kaeo
PortCity_Bridge_UnitE12, btn-missing-kaeo
PortCity_Bridge_UnitE12Out, btn-missing-kaeo
PortCity_Bridge_UnitE8, btn-missing-kaeo
PortCity_Bridge_UnitE8Out, btn-missing-kaeo
PortCity_Bridge_UnitN10, btn-missing-kaeo
PortCity_Bridge_UnitN10Out, btn-missing-kaeo
PortCity_Bridge_UnitN12, btn-missing-kaeo
PortCity_Bridge_UnitN12Out, btn-missing-kaeo
PortCity_Bridge_UnitN8, btn-missing-kaeo
PortCity_Bridge_UnitN8Out, btn-missing-kaeo
PortCity_Bridge_UnitNE10, btn-missing-kaeo
PortCity_Bridge_UnitNE10Out, btn-missing-kaeo
PortCity_Bridge_UnitNE12, btn-missing-kaeo
PortCity_Bridge_UnitNE12Out, btn-missing-kaeo
PortCity_Bridge_UnitNE8, btn-missing-kaeo
PortCity_Bridge_UnitNE8Out, btn-missing-kaeo
PortCity_Bridge_UnitNW10, btn-missing-kaeo
PortCity_Bridge_UnitNW10Out, btn-missing-kaeo
PortCity_Bridge_UnitNW12, btn-missing-kaeo
PortCity_Bridge_UnitNW12Out, btn-missing-kaeo
PortCity_Bridge_UnitNW8, btn-missing-kaeo
PortCity_Bridge_UnitNW8Out, btn-missing-kaeo
PortCity_Bridge_UnitS10, btn-missing-kaeo
PortCity_Bridge_UnitS10Out, btn-missing-kaeo
PortCity_Bridge_UnitS12, btn-missing-kaeo
PortCity_Bridge_UnitS12Out, btn-missing-kaeo
PortCity_Bridge_UnitS8, btn-missing-kaeo
PortCity_Bridge_UnitS8Out, btn-missing-kaeo
PortCity_Bridge_UnitSE10, btn-missing-kaeo
PortCity_Bridge_UnitSE10Out, btn-missing-kaeo
PortCity_Bridge_UnitSE12, btn-missing-kaeo
PortCity_Bridge_UnitSE12Out, btn-missing-kaeo
PortCity_Bridge_UnitSE8, btn-missing-kaeo
PortCity_Bridge_UnitSE8Out, btn-missing-kaeo
PortCity_Bridge_UnitSW10, btn-missing-kaeo
PortCity_Bridge_UnitSW10Out, btn-missing-kaeo
PortCity_Bridge_UnitSW12, btn-missing-kaeo
PortCity_Bridge_UnitSW12Out, btn-missing-kaeo
PortCity_Bridge_UnitSW8, btn-missing-kaeo
PortCity_Bridge_UnitSW8Out, btn-missing-kaeo
PortCity_Bridge_UnitW10, btn-missing-kaeo
PortCity_Bridge_UnitW10Out, btn-missing-kaeo
PortCity_Bridge_UnitW12, btn-missing-kaeo
PortCity_Bridge_UnitW12Out, btn-missing-kaeo
PortCity_Bridge_UnitW8, btn-missing-kaeo
PortCity_Bridge_UnitW8Out, btn-missing-kaeo
PrimalGuardianACGluescreenDummy, btn-unit-collection-primal-guardian
PrimalHydraliskACGluescreenDummy, btn-unit-collection-primal-hydralisk
PrimalImpalerACGluescreenDummy, btn-unit-collection-primal-lurker
PrimalMutaliskACGluescreenDummy, btn-unit-collection-primal-mutalisk
PrimalRoachACGluescreenDummy, btn-unit-collection-primal-roach
PrimalSwarmHostACGluescreenDummy, btn-unit-collection-primal-creeperhost
PrimalUltraliskACGluescreenDummy, btn-unit-collection-primal-ultralisk
PrimalWurmACGluescreenDummy, btn-building-dehaka-primalwurm
PrimalZerglingACGluescreenDummy, btn-unit-collection-primal-zergling
Probe, btn-unit-protoss-probe
ProtossAirArmorsLevel1, btn-upgrade-protoss-airarmorlevel1
ProtossAirArmorsLevel2, btn-upgrade-protoss-airarmorlevel2
ProtossAirArmorsLevel3, btn-upgrade-protoss-airarmorlevel3
ProtossAirWeaponsLevel1, btn-upgrade-protoss-airweaponslevel1
ProtossAirWeaponsLevel2, btn-upgrade-protoss-airweaponslevel2
ProtossAirWeaponsLevel3, btn-upgrade-protoss-airweaponslevel3
ProtossCrates, btn-missing-kaeo
ProtossGroundArmorsLevel1, btn-upgrade-protoss-groundarmorlevel1
ProtossGroundArmorsLevel2, btn-upgrade-protoss-groundarmorlevel2
ProtossGroundArmorsLevel3, btn-upgrade-protoss-groundarmorlevel3
ProtossGroundWeaponsLevel1, btn-upgrade-protoss-groundweaponslevel1
ProtossGroundWeaponsLevel2, btn-upgrade-protoss-groundweaponslevel2
ProtossGroundWeaponsLevel3, btn-upgrade-protoss-groundweaponslevel3
ProtossShieldsLevel1, btn-upgrade-protoss-shieldslevel1
ProtossShieldsLevel2, btn-upgrade-protoss-shieldslevel2
ProtossShieldsLevel3, btn-upgrade-protoss-shieldslevel3
ProtossSnakeSegmentDemo, btn-unit-protoss-observer
ProtossVespeneGeyser, wireframe-general-vespenegeyser-protossvespenegeyser
PsiBlades, btn-upgrade-protoss-groundweaponslevel0
PsionicShockwave, btn-upgrade-protoss-groundweaponslevel0
PsiStormTech, btn-ability-protoss-psistorm-color
PunisherGrenades, btn-ability-terran-punishergrenade-color
PunisherGrenades, btn-upgrade-terran-infantryweaponslevel0
PurifierMineralField750, wireframe-general-mineralfield
PurifierMineralField, wireframe-general-mineralfield
PurifierRichMineralField750, wireframe-general-mineralfield
PurifierRichMineralField, wireframe-general-mineralfield
PurifierVespeneGeyser, wireframe-general-vespenegeyser-protossvespenegeyser
Pylon, btn-building-protoss-pylon
PylonOvercharged, btn-building-protoss-pylon
Queen, btn-unit-zerg-queen
QueenBurrowed, btn-unit-zerg-queen
QueenCoopACGluescreenDummy, btn-unit-zerg-queen
QueenMP, btn-unit-zerg-queen
QueenZagaraACGluescreenDummy, btn-unit-collection-webby-queen
RaidLiberatorACGluescreenDummy, btn-unit-terran-liberatorblackops
RailgunTurretACGluescreenDummy, btn-unit-terran-autoturretblackops
Rally1, btn-ability-terran-setrallypoint
Rally2, btn-ability-zerg-setworkerrallypoint
RaptorACGluescreenDummy, btn-unit-zerg-zergling-raptor
RavagerACGluescreenDummy, btn-unit-zerg-ravager
Ravager, btn-unit-zerg-ravager
RavagerBurrowed, btn-unit-zerg-ravager
RavagerCocoon, btn-unit-zerg-ravager
RavagerWeapon, btn-upgrade-zerg-missileattacks-level0
RavasaurACGluescreenDummy, btn-unit-collection-primal-ravasaur
Raven, btn-unit-terran-raven
RavenCorvidReactor, btn-upgrade-terran-corvidreactor
RavenDamageUpgrade, btn-techupgrade-terran-ripwavemissiles
RavenDamageUpgrade, btn-upgrade-terran-explosiveshrapnelshells
RavenRecalibratedExplosives, btn-upgrade-terran-recalibratedexplosives
RavenRepairDrone, btn-unit-biomechanicaldrone
RavenTypeIIACGluescreenDummy, btn-unit-terran-ravenblackops
Reactor, btn-building-terran-reactor
Reaper, btn-unit-terran-reaper
ReaperPlaceholder, btn-missing-kaeo
ReaverACGluescreenDummy, btn-unit-protoss-reaver
RedstoneLavaCritterBurrowed, wireframe-critter-lavacritter
RedstoneLavaCritterInjured, btn-missing-kaeo
RedstoneLavaCritterInjuredBurrowed, btn-missing-kaeo
RedstoneLavaCritter, wireframe-critter-lavacritter
Refinery, btn-building-terran-refinery
RefineryRich, btn-building-terran-refinery
RenegadeLongboltMissile, btn-upgrade-terran-hisecautotracking
RenegadeMissileTurret, btn-building-terran-missileturret
Replicant, btn-unit-protoss-replicant
ReptileCrate, wireframe-critter-cardboardboxrunner
RepulsorCannon, btn-upgrade-protoss-airweaponslevel0
ResourceBlocker, wireframe-general-mineralshield
Return, btn-command-returncargo
RichMineralField750, wireframe-general-mineralfield
RichMineralField, wireframe-general-mineralfield
RichVespeneGeyser, wireframe-general-vespenegeyser
RoachACGluescreenDummy, btn-unit-zerg-roach
Roach, btn-unit-zerg-roach
RoachBurrowed, btn-unit-zerg-roach
RoachVileACGluescreenDummy, btn-unit-zerg-roach-vile
RoachWarren, btn-building-zerg-roachwarren
RoboticsBay, btn-building-protoss-roboticssupportbay
RoboticsFacility, btn-building-protoss-roboticsfacility
Rocks2x2NonConjoined, btn-missing-kaeo
RoughTerrain, btn-missing-kaeo
Scantipede, wireframe-critter-scantipede
ScienceVesselACGluescreenDummy, btn-unit-terran-sciencevessel
ScopeTest, btn-missing-kaeo
ScourgeACGluescreenDummy, btn-unit-zerg-scourge
ScourgeMP, btn-unit-zerg-splitterling
ScourgeMPWeapon, btn-upgrade-zerg-airattacks-level0
ScoutACGluescreenDummy, btn-unit-protoss-scout-purifier
ScoutMPAir, btn-upgrade-protoss-airweaponslevel0
ScoutMP, btn-missing-kaeo
ScoutMPGround, btn-upgrade-protoss-airweaponslevel0
SCV, btn-unit-terran-scv
SelectedUnits, btn-unit-protoss-archon
SensorTower, btn-building-terran-sensordome
SentryACGluescreenDummy, btn-unit-protoss-sentry
Sentry, btn-unit-protoss-sentry
SentryFenixACGluescreenDummy, btn-unit-collection-purifier-sentry
SentryPurifierACGluescreenDummy, btn-unit-protoss-sentry-purifier
SentryTaldarimACGluescreenDummy, btn-unit-protoss-alarak-taldarim-sentry
ShakurasLightBridgeNE10, btn-missing-kaeo
ShakurasLightBridgeNE10Out, btn-missing-kaeo
ShakurasLightBridgeNE12, btn-missing-kaeo
ShakurasLightBridgeNE12Out, btn-missing-kaeo
ShakurasLightBridgeNE8, btn-missing-kaeo
ShakurasLightBridgeNE8Out, btn-missing-kaeo
ShakurasLightBridgeNW10, btn-missing-kaeo
ShakurasLightBridgeNW10Out, btn-missing-kaeo
ShakurasLightBridgeNW12, btn-missing-kaeo
ShakurasLightBridgeNW12Out, btn-missing-kaeo
ShakurasLightBridgeNW8, btn-missing-kaeo
ShakurasLightBridgeNW8Out, btn-missing-kaeo
ShakurasVespeneGeyser, wireframe-general-vespenegeyser-protossvespenegeyser
Shape4PointStar, btn-missing-kaeo
Shape5PointStar, btn-missing-kaeo
Shape6PointStar, btn-missing-kaeo
Shape8PointStar, btn-missing-kaeo
ShapeApple, btn-missing-kaeo
ShapeArrowPointer, btn-missing-kaeo
ShapeBanana, btn-missing-kaeo
ShapeBaseballBat, btn-missing-kaeo
ShapeBaseball, btn-missing-kaeo
ShapeBasketball, btn-missing-kaeo
ShapeBowl, btn-missing-kaeo
ShapeBox, btn-missing-kaeo
ShapeCapsule, btn-missing-kaeo
ShapeCarrot, btn-missing-kaeo
ShapeCashLarge, btn-missing-kaeo
ShapeCashMedium, btn-missing-kaeo
ShapeCashSmall, btn-missing-kaeo
ShapeCherry, btn-missing-kaeo
ShapeCone, btn-missing-kaeo
ShapeCrescentMoon, btn-missing-kaeo
ShapeCube, btn-missing-kaeo
ShapeCylinder, btn-missing-kaeo
ShapeDecahedron, btn-missing-kaeo
ShapeDiamond, btn-missing-kaeo
ShapeDodecahedron, btn-missing-kaeo
ShapeDollarSign, btn-missing-kaeo
ShapeEgg, btn-missing-kaeo
ShapeEuroSign, btn-missing-kaeo
ShapeFootball, btn-missing-kaeo
ShapeFootballColored, btn-missing-kaeo
ShapeGemstone, btn-missing-kaeo
ShapeGolfball, btn-missing-kaeo
ShapeGolfClub, btn-missing-kaeo
ShapeGrape, btn-missing-kaeo
ShapeHand, btn-missing-kaeo
ShapeHeart, btn-missing-kaeo
ShapeHockeyPuck, btn-missing-kaeo
ShapeHockeyStick, btn-missing-kaeo
ShapeHorseshoe, btn-missing-kaeo
ShapeIcosahedron, btn-missing-kaeo
ShapeJack, btn-missing-kaeo
ShapeLemon, btn-missing-kaeo
ShapeLemonSmall, btn-missing-kaeo
ShapeMoneyBag, btn-missing-kaeo
ShapeO, btn-missing-kaeo
ShapeOctahedron, btn-missing-kaeo
ShapeOrange, btn-missing-kaeo
ShapeOrangeSmall, btn-missing-kaeo
ShapePeanut, btn-missing-kaeo
ShapePear, btn-missing-kaeo
ShapePineapple, btn-missing-kaeo
ShapePlusSign, btn-missing-kaeo
ShapePoundSign, btn-missing-kaeo
ShapePyramid, btn-missing-kaeo
ShapeRainbow, btn-missing-kaeo
ShapeRoundedCube, btn-missing-kaeo
ShapeSadFace, btn-missing-kaeo
ShapeShamrock, btn-missing-kaeo
ShapeSmileyFace, btn-missing-kaeo
ShapeSoccerball, btn-missing-kaeo
ShapeSpade, btn-missing-kaeo
ShapeSphere, btn-missing-kaeo
ShapeStrawberry, btn-missing-kaeo
ShapeTennisball, btn-missing-kaeo
ShapeTetrahedron, btn-missing-kaeo
ShapeThickTorus, btn-missing-kaeo
ShapeThinTorus, btn-missing-kaeo
ShapeTorus, btn-missing-kaeo
ShapeTreasureChestClosed, btn-missing-kaeo
ShapeTreasureChestOpen, btn-missing-kaeo
ShapeTube, btn-missing-kaeo
ShapeWatermelon, btn-missing-kaeo
ShapeWatermelonSmall, btn-missing-kaeo
ShapeWonSign, btn-missing-kaeo
ShapeX, btn-missing-kaeo
ShapeYenSign, btn-missing-kaeo
Sheep, wireframe-critter-sheep
ShieldBatteryACGluescreenDummy, btn-building-protoss-shieldbattery
ShieldBattery, btn-building-protoss-shieldbattery
ShieldWall, btn-techupgrade-terran-combatshield-color
SiegeTankACGluescreenDummy, btn-unit-terran-siegetanksiegemode
SiegeTank, btn-unit-terran-siegetank
SiegeTankMengskACGluescreenDummy, btn-unit-terran-siegetankmengsk
SiegeTankSieged, btn-unit-terran-siegetanksiegemode
SiegeTankSkinPreview, btn-unit-terran-siegetank
SILiberatorACGluescreenDummy, btn-unit-zerg-infestedliberator
SlaynElemental, btn-critter-sporeray
SlaynElementalGrabAirUnit, btn-missing-kaeo
SlaynElementalGrabGroundUnit, btn-missing-kaeo
SlaynSwarmHostSpawnFlyer, btn-unit-zerg-locust
SmartServos, btn-upgrade-terran-transformationservos
SnowRefinery_Terran_ExtendingBridgeNEShort8, btn-missing-kaeo
SnowRefinery_Terran_ExtendingBridgeNEShort8Out, btn-missing-kaeo
SnowRefinery_Terran_ExtendingBridgeNWShort8, btn-missing-kaeo
SnowRefinery_Terran_ExtendingBridgeNWShort8Out, btn-missing-kaeo
SpacePlatformGeyser, wireframe-general-vespenegeyser-spaceplatform
SpawningPool, btn-building-zerg-spawningpool
SpecOpsGhostACGluescreenDummy, btn-unit-terran-blackops-femaleghost
SpineCrawlerACGluescreenDummy, btn-building-zerg-spinecrawler
SpineCrawler, btn-building-zerg-spinecrawler
SpineCrawlerUprooted, btn-building-zerg-spinecrawler
Spines, btn-upgrade-zerg-meleeattacks-level0
SpinningDizzyACGluescreenDummy, btn-building-terran-missileturrettitaniumhousing
Spire, btn-building-zerg-spire
SplitterlingACGluescreenDummy, btn-unit-collection-webby-baneling
SplitterlingACGluescreenDummy, btn-unit-zerg-baneling
SporeCrawlerACGluescreenDummy, btn-building-zerg-sporecrawler
SporeCrawler, btn-building-zerg-sporecrawler
SporeCrawlerUprooted, btn-building-zerg-sporecrawler
Stalker, btn-unit-protoss-stalker
StalkerShakurasACGluescreenDummy, btn-unit-protoss-stalker
StalkerTaldarimACGluescreenDummy, btn-unit-protoss-alarak-taldarim-stalker
Stargate, btn-building-protoss-stargate
Starport, btn-building-terran-starport
StarportFlying, btn-building-terran-starport
StarportReactor, btn-building-terran-reactor
StarportTechLab, btn-building-terran-techlab
Stimpack, btn-ability-terran-stimpack-color
Stop, btn-command-stop
StrikeGoliathACGluescreenDummy, btn-unit-terran-goliathblackops
StukovBroodQueenACGluescreenDummy, btn-unit-zerg-classicqueen
StukovInfestedBansheeACGluescreenDummy, btn-unit-zerg-infestedbanshee
StukovInfestedBunkerACGluescreenDummy, btn-building-stukov-infestedbunker
StukovInfestedCivilianACGluescreenDummy, btn-unit-zerg-infestedcolonist
StukovInfestedDiamondbackACGluescreenDummy, btn-unit-zerg-infesteddiamondback
StukovInfestedMarineACGluescreenDummy, btn-unit-zerg-infestedmarine
StukovInfestedMissileTurretACGluescreenDummy, btn-building-stukov-infestedturret
StukovInfestedSiegeTankACGluescreenDummy, btn-unit-zerg-infestedsiegetank
StukovInfestedTrooperACGluescreenDummy, btn-unit-zerg-infestedmarine
SupplicantACGluescreenDummy, btn-unit-protoss-alarak-taldarim-supplicant
SupplyDepot, btn-building-terran-supplydepot
SupplyDepotLowered, btn-building-terran-supplydepotlowered
SwarmHostACGluescreenDummy, btn-unit-zerg-swarmhost
SwarmHostBurrowedMP, btn-unit-zerg-swarmhost
SwarmHostMP, btn-unit-zerg-swarmhost
SwarmlingACGluescreenDummy, btn-unit-collection-webby-zergling
SwarmlingACGluescreenDummy, btn-unit-zerg-zergling-swarmling
SwarmQueenACGluescreenDummy, btn-unit-zerg-broodqueen
SwarmQueenACGluescreenDummy, btn-unit-zerg-queen
TalonsMissile, btn-upgrade-zerg-missileattacks-level0
Tarsonis_DoorE, btn-missing-kaeo
Tarsonis_DoorELowered, btn-missing-kaeo
Tarsonis_DoorN, btn-missing-kaeo
Tarsonis_DoorNE, btn-missing-kaeo
Tarsonis_DoorNELowered, btn-missing-kaeo
Tarsonis_DoorNLowered, btn-missing-kaeo
Tarsonis_DoorNW, btn-missing-kaeo
Tarsonis_DoorNWLowered, btn-missing-kaeo
TechLab, btn-building-terran-techlab
TempestACGluescreenDummy, btn-unit-protoss-tempest
Tempest, btn-unit-protoss-tempest
Tempest, btn-upgrade-protoss-airweaponslevel0
TempestGroundAttackUpgrade, btn-ability-protoss-disruptionblast
TempestGround, btn-upgrade-protoss-airweaponslevel0
TemplarArchive, btn-building-protoss-templararchives
TerranBuildingArmor, btn-upgrade-terran-buildingarmor
TerranInfantryArmorsLevel1, btn-upgrade-terran-infantryarmorlevel1
TerranInfantryArmorsLevel2, btn-upgrade-terran-infantryarmorlevel2
TerranInfantryArmorsLevel3, btn-upgrade-terran-infantryarmorlevel3
TerranInfantryWeaponsLevel1, btn-upgrade-terran-infantryweaponslevel1
TerranInfantryWeaponsLevel2, btn-upgrade-terran-infantryweaponslevel2
TerranInfantryWeaponsLevel3, btn-upgrade-terran-infantryweaponslevel3
TerranShipWeaponsLevel1, btn-upgrade-terran-shipweaponslevel1
TerranShipWeaponsLevel2, btn-upgrade-terran-shipweaponslevel2
TerranShipWeaponsLevel3, btn-upgrade-terran-shipweaponslevel3
TerranVehicleAndShipArmorsLevel1, btn-upgrade-terran-vehicleplatinglevel1
TerranVehicleAndShipArmorsLevel2, btn-upgrade-terran-vehicleplatinglevel2
TerranVehicleAndShipArmorsLevel3, btn-upgrade-terran-vehicleplatinglevel3
TerranVehicleAndShipWeaponsLevel1, btn-upgrade-terran-vehicleweaponslevel1
TerranVehicleAndShipWeaponsLevel2, btn-upgrade-terran-vehicleweaponslevel2
TerranVehicleAndShipWeaponsLevel3, btn-upgrade-terran-vehicleweaponslevel3
TerranVehicleWeaponsLevel1, btn-upgrade-terran-vehicleweaponslevel1
TerranVehicleWeaponsLevel2, btn-upgrade-terran-vehicleweaponslevel2
TerranVehicleWeaponsLevel3, btn-upgrade-terran-vehicleweaponslevel3
TestZerg, btn-unit-zerg-roach
ThermalLances, btn-upgrade-protoss-groundweaponslevel0
ThorACGluescreenDummy, btn-unit-terran-thor
ThorAP, btn-unit-terran-thor
Thor, btn-unit-terran-thor
ThorMengskACGluescreenDummy, btn-unit-terran-thormengsk
ThornLizard, wireframe-critter-thornlizard
ThorsHammer, btn-upgrade-terran-vehicleweaponslevel0
TorrasqueACGluescreenDummy, btn-unit-zerg-ultralisk-torrasque
TrafficSignal, btn-missing-kaeo
TransformationServos, btn-upgrade-terran-transformationservos
TransportOverlordCocoon, btn-ability-kerrigan-improvedoverlords
TransportOverlordCocoon, btn-unit-zerg-overlordtransport
TrooperMengskACGluescreenDummy, btn-unit-terran-troopermengsk
TunnelingClaws, btn-upgrade-zerg-tunnelingclaws
TwilightCouncil, btn-building-protoss-twilightcouncil
TwinGatlingCannon, btn-upgrade-terran-shipweaponslevel0
TwinIbiksCannon, btn-upgrade-terran-hisecautotracking
TychusFirebatACGluescreenDummy, btn-unit-terran-tychusfirebat
TychusGhostACGluescreenDummy, btn-unit-terran-tychusghost
TychusHERCACGluescreenDummy, btn-unit-terran-tychusherc
TychusMarauderACGluescreenDummy, btn-unit-terran-tychusmarauder
TychusMedicACGluescreenDummy, btn-unit-terran-tychusmedic
TychusReaperACGluescreenDummy, btn-unit-terran-tychusreaper
TychusSCVAutoTurretACGluescreenDummy, btn-building-terran-tychusturret
TychusSpectreACGluescreenDummy, btn-unit-terran-tychusspectre
TychusWarhoundACGluescreenDummy, btn-unit-terran-tychuswarhound
TyphoonMissilePod, btn-upgrade-terran-vehicleweaponslevel0
TyrannozorACGluescreenDummy, btn-unit-collection-primal-tyrannozor
UltraliskACGluescreenDummy, btn-unit-zerg-ultralisk
Ultralisk, btn-unit-zerg-ultralisk
UltraliskBurrowed, btn-unit-zerg-omegalisk
UltraliskCavern, btn-building-zerg-ultraliskcavern
UnbuildableBricksDestructible, wireframe-general-unbuildablebricks
UnbuildablePlatesDestructible, wireframe-general-unbuildableplates
UnbuildableRocksDestructible, wireframe-general-unbuildablerocks
UnloadAll, btn-ability-terran-unloadall
UnloadAt, btn-ability-terran-unloadall
UrsadakCalf, wireframe-critter-ursadakfemale
UrsadakFemaleExotic, wireframe-critter-ursadakfemale
UrsadakFemale, wireframe-critter-ursadakfemale
UrsadakMaleExotic, wireframe-critter-ursadakmale
UrsadakMale, wireframe-critter-ursadakmale
Ursadon, wireframe-critter-snowbeast
Ursula, wireframe-critter-snowbeast
UtilityBot, wireframe-critter-utilitybot
VespeneGeyser, wireframe-general-vespenegeyser
VikingACGluescreenDummy, btn-unit-terran-vikingfighter
VikingAssault, btn-unit-terran-vikingassault
Viking, btn-unit-terran-vikingfighter
VikingFighter, btn-unit-terran-vikingfighter
VikingMengskACGluescreenDummy, btn-unit-terran-vikingmengskfighter
VikingSkinPreview, btn-unit-terran-vikingfighter
ViperACGluescreenDummy, btn-unit-zerg-viper
Viper, btn-unit-zerg-viper
VoidMPImmortalReviveCorpse, btn-unit-protoss-immortal
VoidRayACGluescreenDummy, btn-unit-protoss-warpray
VoidRay, btn-unit-protoss-warpray
VoidRayShakurasACGluescreenDummy, btn-unit-protoss-voidray-nerazim
VoidRaySpeedUpgrade, btn-upgrade-protoss-fluxvanes
VoidRaySwarm, btn-upgrade-protoss-airweaponslevel0
VultureACGluescreenDummy, btn-unit-terran-vulture
WarHound, btn-unit-terran-warhound
WarHound, btn-upgrade-terran-vehicleweaponslevel0
WarpBlades, btn-upgrade-protoss-groundweaponslevel0
WarpGate, btn-building-protoss-warpgate
WarpGateResearch, btn-building-protoss-warpgate
WarpPrism, btn-unit-protoss-warpprism
WarpPrismPhasing, btn-unit-protoss-warpprismstationary
WarpPrismSkinPreview, btn-unit-protoss-warpprism
WarpPrismTaldarimACGluescreenDummy, btn-unit-protoss-alarak-taldarim-warpprism
WidowMine, btn-unit-terran-widowmine
WidowMineBurrowed, btn-unit-terran-widowmine
WolfStatue, wireframe-destructible-wolfstatue
WraithACGluescreenDummy, btn-unit-terran-wraith
XelNaga_Caverns_DoorE, btn-missing-kaeo
XelNaga_Caverns_DoorEOpened, btn-missing-kaeo
XelNaga_Caverns_DoorN, btn-missing-kaeo
XelNaga_Caverns_DoorNE, btn-missing-kaeo
XelNaga_Caverns_DoorNEOpened, btn-missing-kaeo
XelNaga_Caverns_DoorNOpened, btn-missing-kaeo
XelNaga_Caverns_DoorNW, btn-missing-kaeo
XelNaga_Caverns_DoorNWOpened, btn-missing-kaeo
XelNaga_Caverns_DoorS, btn-missing-kaeo
XelNaga_Caverns_DoorSE, btn-missing-kaeo
XelNaga_Caverns_DoorSEOpened, btn-missing-kaeo
XelNaga_Caverns_DoorSOpened, btn-missing-kaeo
XelNaga_Caverns_DoorSW, btn-missing-kaeo
XelNaga_Caverns_DoorSWOpened, btn-missing-kaeo
XelNaga_Caverns_DoorW, btn-missing-kaeo
XelNaga_Caverns_DoorWOpened, btn-missing-kaeo
XelNaga_Caverns_Floating_BridgeH10, btn-missing-kaeo
XelNaga_Caverns_Floating_BridgeH10Out, btn-missing-kaeo
XelNaga_Caverns_Floating_BridgeH12, btn-missing-kaeo
XelNaga_Caverns_Floating_BridgeH12Out, btn-missing-kaeo
XelNaga_Caverns_Floating_BridgeH8, btn-missing-kaeo
XelNaga_Caverns_Floating_BridgeH8Out, btn-missing-kaeo
XelNaga_Caverns_Floating_BridgeNE10, btn-missing-kaeo
XelNaga_Caverns_Floating_BridgeNE10Out, btn-missing-kaeo
XelNaga_Caverns_Floating_BridgeNE12, btn-missing-kaeo
XelNaga_Caverns_Floating_BridgeNE12Out, btn-missing-kaeo
XelNaga_Caverns_Floating_BridgeNE8, btn-missing-kaeo
XelNaga_Caverns_Floating_BridgeNE8Out, btn-missing-kaeo
XelNaga_Caverns_Floating_BridgeNW10, btn-missing-kaeo
XelNaga_Caverns_Floating_BridgeNW10Out, btn-missing-kaeo
XelNaga_Caverns_Floating_BridgeNW12, btn-missing-kaeo
XelNaga_Caverns_Floating_BridgeNW12Out, btn-missing-kaeo
XelNaga_Caverns_Floating_BridgeNW8, btn-missing-kaeo
XelNaga_Caverns_Floating_BridgeNW8Out, btn-missing-kaeo
XelNaga_Caverns_Floating_BridgeV10, btn-missing-kaeo
XelNaga_Caverns_Floating_BridgeV10Out, btn-missing-kaeo
XelNaga_Caverns_Floating_BridgeV12, btn-missing-kaeo
XelNaga_Caverns_Floating_BridgeV12Out, btn-missing-kaeo
XelNaga_Caverns_Floating_BridgeV8, btn-missing-kaeo
XelNaga_Caverns_Floating_BridgeV8Out, btn-missing-kaeo
XelNagaDestructibleBlocker6E, btn-missing-kaeo
XelNagaDestructibleBlocker6N, btn-missing-kaeo
XelNagaDestructibleBlocker6NE, btn-missing-kaeo
XelNagaDestructibleBlocker6NW, btn-missing-kaeo
XelNagaDestructibleBlocker6S, btn-missing-kaeo
XelNagaDestructibleBlocker6SE, btn-missing-kaeo
XelNagaDestructibleBlocker6SW, btn-missing-kaeo
XelNagaDestructibleBlocker6W, btn-missing-kaeo
XelNagaDestructibleBlocker8E, btn-missing-kaeo
XelNagaDestructibleBlocker8N, btn-missing-kaeo
XelNagaDestructibleBlocker8NE, btn-missing-kaeo
XelNagaDestructibleBlocker8NW, btn-missing-kaeo
XelNagaDestructibleBlocker8S, btn-missing-kaeo
XelNagaDestructibleBlocker8SE, btn-missing-kaeo
XelNagaDestructibleBlocker8SW, btn-missing-kaeo
XelNagaDestructibleBlocker8W, btn-missing-kaeo
XelNagaDestructibleRampBlocker6E, btn-missing-kaeo
XelNagaDestructibleRampBlocker6N, btn-missing-kaeo
XelNagaDestructibleRampBlocker6NE, btn-missing-kaeo
XelNagaDestructibleRampBlocker6NW, btn-missing-kaeo
XelNagaDestructibleRampBlocker6S, btn-missing-kaeo
XelNagaDestructibleRampBlocker6SE, btn-missing-kaeo
XelNagaDestructibleRampBlocker6SW, btn-missing-kaeo
XelNagaDestructibleRampBlocker6W, btn-missing-kaeo
XelNagaDestructibleRampBlocker8E, btn-missing-kaeo
XelNagaDestructibleRampBlocker8N, btn-missing-kaeo
XelNagaDestructibleRampBlocker8NE, btn-missing-kaeo
XelNagaDestructibleRampBlocker8NW, btn-missing-kaeo
XelNagaDestructibleRampBlocker8S, btn-missing-kaeo
XelNagaDestructibleRampBlocker8SE, btn-missing-kaeo
XelNagaDestructibleRampBlocker8SW, btn-missing-kaeo
XelNagaDestructibleRampBlocker8W, btn-missing-kaeo
XelNagaHealingShrine, btn-missing-kaeo
XelNagaTower, wireframe-general-xelnagatower
ZealotACGluescreenDummy, btn-unit-protoss-zealot
ZealotACGluescreenDummy, btn-unit-protoss-zealotnocord
ZealotAiurACGluescreenDummy, btn-unit-protoss-zealot-aiur
Zealot, btn-unit-protoss-zealot
ZealotFenixACGluescreenDummy, btn-unit-collection-purifier-zealot
ZealotPurifierACGluescreenDummy, btn-unit-protoss-zealot-purifier
ZealotShakurasACGluescreenDummy, btn-unit-protoss-zealot-nerazim
ZealotVorazunACGluescreenDummy, btn-unit-protoss-zealot
ZealotVorazunACGluescreenDummy, btn-unit-protoss-zealotnocord
ZeratulDarkTemplarACGluescreenDummy, btn-unit-protoss-zeratuldarktemplar
ZeratulDisruptorACGluescreenDummy, btn-unit-protoss-zeratuldisruptor
ZeratulImmortalACGluescreenDummy, btn-unit-protoss-zeratulimmortal
ZeratulObserverACGluescreenDummy, btn-unit-protoss-zeratulobserver
ZeratulPhotonCannonACGluescreenDummy, btn-building-protoss-zeratulphotoncannon
ZeratulSentryACGluescreenDummy, btn-unit-protoss-zeratulsentry
ZeratulStalkerACGluescreenDummy, btn-unit-protoss-zeratulstalker
ZeratulWarpPrismACGluescreenDummy, btn-unit-protoss-zeratulwarpprism
ZergFlyerArmorsLevel1, btn-upgrade-zerg-flyercarapace-level1
ZergFlyerArmorsLevel2, btn-upgrade-zerg-flyercarapace-level2
ZergFlyerArmorsLevel3, btn-upgrade-zerg-flyercarapace-level3
ZergFlyerWeaponsLevel1, btn-upgrade-zerg-airattacks-level1
ZergFlyerWeaponsLevel2, btn-upgrade-zerg-airattacks-level2
ZergFlyerWeaponsLevel3, btn-upgrade-zerg-airattacks-level3
ZergGroundArmorsLevel1, btn-upgrade-zerg-groundcarapace-level1
ZergGroundArmorsLevel2, btn-upgrade-zerg-groundcarapace-level2
ZergGroundArmorsLevel3, btn-upgrade-zerg-groundcarapace-level3
zerglingattackspeed, btn-upgrade-zerg-adrenalglands
Zergling, btn-unit-zerg-zergling
ZerglingBurrowed, btn-unit-zerg-zergling
ZerglingKerriganACGluescreenDummy, btn-unit-zerg-zergling
zerglingmovementspeed, btn-upgrade-zerg-metabolicboost
ZerglingZagaraACGluescreenDummy, btn-unit-zerg-zergling
ZergMeleeWeaponsLevel1, btn-upgrade-zerg-meleeattacks-level1
ZergMeleeWeaponsLevel2, btn-upgrade-zerg-meleeattacks-level2
ZergMeleeWeaponsLevel3, btn-upgrade-zerg-meleeattacks-level3
ZergMissileWeaponsLevel1, btn-upgrade-zerg-missileattacks-level1
ZergMissileWeaponsLevel2, btn-upgrade-zerg-missileattacks-level2
ZergMissileWeaponsLevel3, btn-upgrade-zerg-missileattacks-level3
ZerusDestructibleArch, btn-missing-kaeo
